idx,pair,side,entry_time,exit_time,entry,exit_price,initial_sl,initial_tp,lot,pnl,pnl_pct,confidence,signal_reason,regime,session,exit_reason,duration_bars,mfe,mae,balance_after
1,XAUUSD,buy,2025-03-03T19:00:00+00:00,2025-03-03T19:45:00+00:00,2888.445,2882.31288,2882.31288,2898.66519,0.16,-98.11,-0.981,0.61,"Trend-follow (EMA21>EMA55, close>EMA21) · RSI 57.8",trending_up,london,sl_hit,3,24.05,-145.44,9901.89
2,XAUUSD,buy,2025-03-03T20:30:00+00:00,2025-03-04T07:15:00+00:00,2884.848,2895.58386,2878.40649,2895.58386,0.15,161.04,1.626,0.62,Pullback to EMA21 in uptrend · RSI 50.7,trending_up,london,tp_hit,39,243.86,-48.0,10062.92
3,XAUUSD,buy,2025-03-04T07:30:00+00:00,2025-03-04T08:15:00+00:00,2898.295,2907.62266,2892.6984,2907.62266,0.17,158.57,1.576,0.64,"Trend-follow (EMA21>EMA55, close>EMA21) · RSI 64.4",trending_up,london,tp_hit,3,262.99,-32.25,10221.49
4,XAUUSD,buy,2025-03-04T08:30:00+00:00,2025-03-04T12:45:00+00:00,2913.535,2925.01208,2906.64875,2925.01208,0.14,160.68,1.572,0.67,"Trend-follow (EMA21>EMA55, close>EMA21) · RSI 77.6",trending_up,london,tp_hit,17,165.06,-46.2,10382.17
5,XAUUSD,buy,2025-03-04T13:00:00+00:00,2025-03-04T13:30:00+00:00,2926.385,2920.35857,2920.35857,2936.42906,0.17,-102.45,-0.987,0.67,"Trend-follow (EMA21>EMA55, close>EMA21) · RSI 80.9",trending_up,london,sl_hit,2,8.21,-110.5,10279.72
6,XAUUSD,buy,2025-03-04T13:45:00+00:00,2025-03-04T14:15:00+00:00,2922.398,2916.01906,2916.01906,2933.02957,0.16,-102.06,-0.993,0.65,"Trend-follow (EMA21>EMA55, close>EMA21) · RSI 66.9",trending_up,london,sl_hit,2,7.47,-131.68,10177.66
7,XAUUSD,buy,2025-03-04T16:30:00+00:00,2025-03-05T02:30:00+00:00,2910.605,2902.35035,2902.35035,2924.36276,0.12,-99.06,-0.973,0.62,Pullback to EMA21 in uptrend · RSI 48.3,trending_up,london,sl_hit,36,116.16,-106.16,10078.61
8,XAUUSD,sell,2025-03-05T02:45:00+00:00,2025-03-05T03:30:00+00:00,2904.075,2910.79646,2910.79646,2892.87257,0.14,-94.1,-0.934,0.76,EMA(21)↓55 cross · RSI 36.0 · regime ranging,ranging,london,sl_hit,3,13.86,-99.02,9984.5
9,XAUUSD,sell,2025-03-05T03:45:00+00:00,2025-03-05T05:45:00+00:00,2908.415,2915.02635,2915.02635,2897.39608,0.15,-99.17,-0.993,0.54,"Trend-follow (EMA21<EMA55, close<EMA21) · RSI 45.1",ranging,london,sl_hit,8,2.55,-153.6,9885.33
10,XAUUSD,buy,2025-03-05T06:00:00+00:00,2025-03-05T06:30:00+00:00,2919.325,2913.8195,2913.8195,2928.50083,0.17,-93.59,-0.947,0.59,"Trend-follow (EMA21>EMA55, close>EMA21) · RSI 64.4",ranging,london,sl_hit,2,37.06,-101.61,9791.74
11,XAUUSD,buy,2025-03-05T06:45:00+00:00,2025-03-05T10:45:00+00:00,2916.865,2911.12917,2911.12917,2926.42471,0.17,-97.51,-0.996,0.56,"Trend-follow (EMA21>EMA55, close>EMA21) · RSI 58.1",ranging,london,sl_hit,16,93.33,-139.23,9694.23
12,XAUUSD,buy,2025-03-05T12:15:00+00:00,2025-03-05T13:00:00+00:00,2918.299,2912.49726,2912.49726,2927.96857,0.16,-92.83,-0.958,0.55,"Trend-follow (EMA21>EMA55, close>EMA21) · RSI 55.8",ranging,london,sl_hit,3,4.8,-103.42,9601.4
13,XAUUSD,sell,2025-03-05T13:30:00+00:00,2025-03-05T14:30:00+00:00,2899.725,2906.92536,2906.92536,2887.7244,0.13,-93.6,-0.975,0.82,EMA(21)↓55 cross · RSI 27.2 · regime ranging,ranging,london,sl_hit,4,72.54,-223.6,9507.8
14,XAUUSD,sell,2025-03-05T14:45:00+00:00,2025-03-05T15:00:00+00:00,2910.117,2919.16414,2919.16414,2895.03844,0.1,-90.47,-0.952,0.53,"Trend-follow (EMA21<EMA55, close<EMA21) · RSI 47.6",ranging,london,sl_hit,1,47.19,-114.08,9417.33
15,XAUUSD,buy,2025-03-05T16:00:00+00:00,2025-03-05T18:00:00+00:00,2922.988,2912.96938,2912.96938,2939.68571,0.09,-90.17,-0.957,0.73,EMA(21)↑55 cross · RSI 60.8 · regime ranging,ranging,london,sl_hit,8,60.84,-106.77,9327.16
16,XAUUSD,buy,2025-03-05T19:45:00+00:00,2025-03-06T07:30:00+00:00,2920.355,2913.1816,2913.1816,2932.31067,0.13,-93.25,-1.0,0.55,"Trend-follow (EMA21>EMA55, close>EMA21) · RSI 55.8",ranging,london,sl_hit,43,78.91,-118.56,9233.91
17,XAUUSD,sell,2025-03-06T07:45:00+00:00,2025-03-06T08:45:00+00:00,2909.995,2901.49343,2915.09594,2901.49343,0.18,153.03,1.657,0.81,EMA(21)↓55 cross · RSI 31.0 · regime ranging,ranging,london,tp_hit,4,163.62,-24.48,9386.93
18,XAUUSD,sell,2025-03-06T09:00:00+00:00,2025-03-06T09:45:00+00:00,2904.305,2894.46784,2910.20729,2894.46784,0.15,147.56,1.572,0.67,"Trend-follow (EMA21<EMA55, close<EMA21) · RSI 26.3",trending_down,london,tp_hit,3,202.35,-5.1,9534.49
19,XAUUSD,sell,2025-03-06T10:00:00+00:00,2025-03-06T10:30:00+00:00,2894.405,2901.08139,2901.08139,2883.27768,0.14,-93.47,-0.98,0.67,"Trend-follow (EMA21<EMA55, close<EMA21) · RSI 18.4",trending_down,london,sl_hit,2,1.96,-149.0,9441.02
20,XAUUSD,sell,2025-03-06T10:45:00+00:00,2025-03-06T11:30:00+00:00,2898.975,2906.06362,2906.06362,2887.16064,0.13,-92.15,-0.976,0.65,"Trend-follow (EMA21<EMA55, close<EMA21) · RSI 34.3",trending_down,london,sl_hit,3,7.54,-110.89,9348.87
21,XAUUSD,sell,2025-03-06T11:45:00+00:00,2025-03-06T14:30:00+00:00,2905.685,2912.8003,2912.8003,2893.82616,0.13,-92.5,-0.989,0.62,Pullback to EMA21 in downtrend · RSI 47.8,trending_down,london,sl_hit,11,85.8,-108.03,9256.37
22,XAUUSD,buy,2025-03-06T16:30:00+00:00,2025-03-06T20:45:00+00:00,2917.585,2909.79545,2909.79545,2930.56758,0.11,-85.68,-0.926,0.77,EMA(21)↑55 cross · RSI 65.1 · regime ranging,ranging,london,sl_hit,17,40.4,-102.05,9170.69
23,XAUUSD,sell,2025-03-06T23:45:00+00:00,2025-03-07T00:00:00+00:00,2910.058,2901.81388,2915.00447,2901.81388,0.18,148.39,1.618,0.68,EMA(21)↓55 cross · RSI 44.3 · regime ranging,ranging,london,tp_hit,1,258.48,0.0,9319.08
24,XAUUSD,sell,2025-03-07T00:15:00+00:00,2025-03-07T01:30:00+00:00,2902.255,2908.72767,2908.72767,2891.46721,0.14,-90.62,-0.972,0.59,"Trend-follow (EMA21<EMA55, close<EMA21) · RSI 35.4",ranging,london,sl_hit,5,13.02,-105.14,9228.46
25,XAUUSD,sell,2025-03-07T01:45:00+00:00,2025-03-07T06:30:00+00:00,2906.565,2913.25178,2913.25178,2895.42036,0.13,-86.93,-0.942,0.62,Pullback to EMA21 in downtrend · RSI 46.3,trending_down,london,sl_hit,19,72.54,-105.56,9141.53
26,XAUUSD,buy,2025-03-07T07:00:00+00:00,2025-03-07T08:45:00+00:00,2913.675,2921.62941,2908.90235,2921.62941,0.19,151.13,1.653,0.74,EMA(21)↑55 cross · RSI 61.8 · regime ranging,ranging,london,tp_hit,7,174.23,-42.56,9292.67
27,XAUUSD,buy,2025-03-07T09:00:00+00:00,2025-03-07T10:15:00+00:00,2922.145,2917.61341,2917.61341,2929.69766,0.2,-90.63,-0.975,0.67,"Trend-follow (EMA21>EMA55, close>EMA21) · RSI 72.3",trending_up,london,sl_hit,5,13.0,-103.8,9202.04
28,XAUUSD,buy,2025-03-07T10:30:00+00:00,2025-03-07T13:15:00+00:00,2919.595,2915.27951,2915.27951,2926.78748,0.21,-90.63,-0.985,0.63,"Trend-follow (EMA21>EMA55, close>EMA21) · RSI 61.5",trending_up,london,sl_hit,11,62.37,-202.02,9111.41
29,XAUUSD,buy,2025-03-07T14:45:00+00:00,2025-03-07T15:30:00+00:00,2926.498,2918.01419,2918.01419,2940.63768,0.1,-84.84,-0.931,0.62,"Trend-follow (EMA21>EMA55, close>EMA21) · RSI 60.8",trending_up,london,sl_hit,3,36.87,-140.93,9026.57
30,XAUUSD,sell,2025-03-07T17:30:00+00:00,2025-03-09T23:45:00+00:00,2907.285,2916.42255,2916.42255,2892.05575,0.09,-82.24,-0.911,0.75,EMA(21)↓55 cross · RSI 37.4 · regime ranging,ranging,london,sl_hit,25,49.14,-84.54,8944.34
31,XAUUSD,buy,2025-03-10T00:30:00+00:00,2025-03-10T02:00:00+00:00,2914.625,2909.86481,2909.86481,2922.55865,0.18,-85.68,-0.958,0.69,EMA(21)↑55 cross · RSI 57.1 · regime ranging,ranging,london,sl_hit,6,63.0,-88.51,8858.65
32,XAUUSD,sell,2025-03-10T02:30:00+00:00,2025-03-10T08:15:00+00:00,2911.835,2903.27516,2916.9709,2903.27516,0.17,145.52,1.643,0.64,EMA(21)↓55 cross · RSI 47.7 · regime ranging,ranging,london,tp_hit,23,168.74,-58.14,9004.17
33,XAUUSD,sell,2025-03-10T08:30:00+00:00,2025-03-10T09:00:00+00:00,2900.219,2905.67769,2905.67769,2891.12118,0.16,-87.34,-0.97,0.67,"Trend-follow (EMA21<EMA55, close<EMA21) · RSI 29.0",trending_down,london,sl_hit,2,60.16,-139.62,8916.83
34,XAUUSD,sell,2025-03-10T10:15:00+00:00,2025-03-10T15:00:00+00:00,2902.879,2909.67457,2909.67457,2891.55305,0.13,-88.34,-0.991,0.57,"Trend-follow (EMA21<EMA55, close<EMA21) · RSI 40.9",ranging,london,sl_hit,19,96.9,-96.32,8828.49
35,XAUUSD,sell,2025-03-10T15:45:00+00:00,2025-03-10T17:00:00+00:00,2904.295,2891.13546,2912.19072,2891.13546,0.11,144.75,1.64,0.53,"Trend-follow (EMA21<EMA55, close<EMA21) · RSI 48.2",ranging,london,tp_hit,5,151.36,-25.41,8973.24
36,XAUUSD,sell,2025-03-10T17:15:00+00:00,2025-03-10T18:00:00+00:00,2894.855,2882.46502,2902.28899,2882.46502,0.12,148.68,1.657,0.63,"Trend-follow (EMA21<EMA55, close<EMA21) · RSI 37.3",trending_down,london,tp_hit,3,179.04,-3.72,9121.92
37,XAUUSD,sell,2025-03-10T18:15:00+00:00,2025-03-11T02:00:00+00:00,2883.265,2891.10793,2891.10793,2870.19345,0.11,-86.27,-0.946,0.67,"Trend-follow (EMA21<EMA55, close<EMA21) · RSI 27.1",trending_down,london,sl_hit,27,36.6,-116.93,9035.65
38,XAUUSD,buy,2025-03-11T05:00:00+00:00,2025-03-11T05:45:00+00:00,2897.595,2893.26243,2893.26243,2904.81595,0.2,-86.65,-0.959,0.75,EMA(21)↑55 cross · RSI 62.6 · regime ranging,ranging,london,sl_hit,3,26.4,-103.8,8949.0
39,XAUUSD,buy,2025-03-11T06:00:00+00:00,2025-03-11T06:45:00+00:00,2895.065,2902.1765,2890.7981,2902.1765,0.2,142.23,1.589,0.53,"Trend-follow (EMA21>EMA55, close>EMA21) · RSI 52.6",ranging,london,tp_hit,3,150.8,-36.4,9091.23
40,XAUUSD,buy,2025-03-11T07:00:00+00:00,2025-03-11T08:30:00+00:00,2899.715,2907.53402,2895.02359,2907.53402,0.19,148.56,1.634,0.57,"Trend-follow (EMA21>EMA55, close>EMA21) · RSI 60.9",ranging,london,tp_hit,6,178.79,-44.08,9239.79
41,XAUUSD,buy,2025-03-11T08:45:00+00:00,2025-03-11T13:30:00+00:00,2909.905,2917.87803,2905.12118,2917.87803,0.19,151.49,1.64,0.67,"Trend-follow (EMA21>EMA55, close>EMA21) · RSI 76.6",trending_up,london,tp_hit,19,204.25,-61.56,9391.28
42,XAUUSD,buy,2025-03-11T13:45:00+00:00,2025-03-12T01:00:00+00:00,2917.405,2911.31615,2911.31615,2927.55308,0.15,-91.33,-0.973,0.63,"Trend-follow (EMA21>EMA55, close>EMA21) · RSI 62.5",trending_up,london,sl_hit,41,57.6,-102.71,9299.95
43,XAUUSD,buy,2025-03-12T01:15:00+00:00,2025-03-12T06:00:00+00:00,2914.525,2920.95371,2910.66777,2920.95371,0.24,154.29,1.659,0.62,Pullback to EMA21 in uptrend · RSI 47.8,trending_up,london,tp_hit,19,156.24,-63.05,9454.23
44,XAUUSD,buy,2025-03-12T06:15:00+00:00,2025-03-12T06:45:00+00:00,2915.768,2911.65325,2911.65325,2922.62591,0.22,-90.52,-0.958,0.52,"Trend-follow (EMA21>EMA55, close>EMA21) · RSI 50.3",ranging,london,sl_hit,2,26.99,-102.59,9363.71
45,XAUUSD,sell,2025-03-12T07:30:00+00:00,2025-03-12T08:15:00+00:00,2912.505,2917.00516,2917.00516,2905.00473,0.2,-90.0,-0.961,0.67,EMA(21)↓55 cross · RSI 44.9 · regime ranging,ranging,london,sl_hit,3,3.8,-121.8,9273.71
46,XAUUSD,buy,2025-03-12T08:30:00+00:00,2025-03-12T09:45:00+00:00,2919.005,2914.47152,2914.47152,2926.5608,0.2,-90.67,-0.978,0.57,"Trend-follow (EMA21>EMA55, close>EMA21) · RSI 60.1",ranging,london,sl_hit,5,122.6,-110.0,9183.04
47,XAUUSD,buy,2025-03-12T12:30:00+00:00,2025-03-12T13:15:00+00:00,2918.805,2913.55946,2913.55946,2927.54756,0.17,-89.17,-0.971,0.56,"Trend-follow (EMA21>EMA55, close>EMA21) · RSI 58.8",ranging,london,sl_hit,3,8.84,-221.85,9093.86
48,XAUUSD,sell,2025-03-12T13:30:00+00:00,2025-03-12T14:00:00+00:00,2911.855,2917.80843,2917.80843,2901.93262,0.15,-89.3,-0.982,0.69,EMA(21)↓55 cross · RSI 43.3 · regime ranging,ranging,london,sl_hit,2,4.61,-91.35,9004.56
49,XAUUSD,buy,2025-03-12T14:15:00+00:00,2025-03-12T15:00:00+00:00,2916.048,2926.02737,2910.06038,2926.02737,0.15,149.69,1.662,0.53,"Trend-follow (EMA21>EMA55, close>EMA21) · RSI 52.2",ranging,london,tp_hit,3,177.41,0.0,9154.25
50,XAUUSD,buy,2025-03-12T15:15:00+00:00,2025-03-12T16:00:00+00:00,2923.748,2934.42076,2917.34434,2934.42076,0.14,149.42,1.632,0.58,"Trend-follow (EMA21>EMA55, close>EMA21) · RSI 61.1",ranging,london,tp_hit,3,177.94,-6.3,9303.67
51,XAUUSD,buy,2025-03-12T16:15:00+00:00,2025-03-13T12:00:00+00:00,2937.448,2948.90981,2930.57091,2948.90981,0.13,149.0,1.602,0.67,"Trend-follow (EMA21>EMA55, close>EMA21) · RSI 74.5",trending_up,london,tp_hit,75,150.89,-88.31,9452.67
52,XAUUSD,buy,2025-03-13T12:30:00+00:00,2025-03-13T12:45:00+00:00,2946.088,2941.00629,2941.00629,2954.55752,0.18,-91.47,-0.968,0.6,"Trend-follow (EMA21>EMA55, close>EMA21) · RSI 56.5",trending_up,london,sl_hit,1,24.97,-91.58,9361.2
53,XAUUSD,buy,2025-03-13T13:00:00+00:00,2025-03-13T13:30:00+00:00,2942.305,2951.89879,2936.54873,2951.89879,0.16,153.5,1.64,0.62,Pullback to EMA21 in uptrend · RSI 48.1,trending_up,london,tp_hit,2,157.44,-6.99,9514.7
54,XAUUSD,buy,2025-03-13T13:45:00+00:00,2025-03-13T14:30:00+00:00,2950.125,2960.40185,2943.95889,2960.40185,0.15,154.15,1.62,0.62,"Trend-follow (EMA21>EMA55, close>EMA21) · RSI 60.6",trending_up,london,tp_hit,3,238.05,-6.99,9668.86
55,XAUUSD,buy,2025-03-13T14:45:00+00:00,2025-03-13T16:30:00+00:00,2969.735,2982.00238,2962.37457,2982.00238,0.13,159.48,1.649,0.67,"Trend-follow (EMA21>EMA55, close>EMA21) · RSI 78.5",trending_up,london,tp_hit,7,199.42,-45.98,9828.33
56,XAUUSD,buy,2025-03-13T16:45:00+00:00,2025-03-14T04:00:00+00:00,2979.935,2993.42931,2971.83841,2993.42931,0.12,161.93,1.648,0.67,"Trend-follow (EMA21>EMA55, close>EMA21) · RSI 74.9",trending_up,london,tp_hit,41,166.8,-45.24,9990.26
57,XAUUSD,buy,2025-03-14T04:15:00+00:00,2025-03-14T04:45:00+00:00,2991.238,2986.40761,2986.40761,2999.28866,0.2,-96.61,-0.967,0.63,"Trend-follow (EMA21>EMA55, close>EMA21) · RSI 61.5",trending_up,london,sl_hit,2,0.0,-141.6,9893.66
58,XAUUSD,buy,2025-03-14T05:45:00+00:00,2025-03-14T06:15:00+00:00,2986.135,2981.13984,2981.13984,2994.46027,0.19,-94.91,-0.959,0.62,Pullback to EMA21 in uptrend · RSI 50.7,trending_up,london,sl_hit,2,0.0,-97.57,9798.75
59,XAUUSD,buy,2025-03-14T06:30:00+00:00,2025-03-14T08:15:00+00:00,2984.535,2992.80079,2979.57553,2992.80079,0.19,157.05,1.603,0.62,Pullback to EMA21 in uptrend · RSI 48.2,trending_up,london,tp_hit,7,157.13,-67.16,9955.8
60,XAUUSD,buy,2025-03-14T08:30:00+00:00,2025-03-14T09:30:00+00:00,2990.375,2998.90758,2985.25545,2998.90758,0.19,162.12,1.628,0.61,"Trend-follow (EMA21>EMA55, close>EMA21) · RSI 58.8",trending_up,london,tp_hit,4,165.68,-3.93,10117.92
61,XAUUSD,buy,2025-03-14T09:45:00+00:00,2025-03-14T10:30:00+00:00,2998.595,2993.80101,2993.80101,3006.58498,0.21,-100.67,-0.995,0.67,"Trend-follow (EMA21>EMA55, close>EMA21) · RSI 69.7",trending_up,london,sl_hit,3,128.73,-238.71,10017.24
62,XAUUSD,buy,2025-03-14T10:45:00+00:00,2025-03-14T13:30:00+00:00,2993.125,2986.4619,2986.4619,3004.23017,0.15,-99.95,-0.998,0.62,Pullback to EMA21 in uptrend · RSI 53.0,trending_up,london,sl_hit,11,94.35,-150.41,9917.3
63,XAUUSD,buy,2025-03-14T14:00:00+00:00,2025-03-14T14:15:00+00:00,2990.705,2982.5681,2982.5681,3004.26649,0.12,-97.64,-0.985,0.62,Pullback to EMA21 in uptrend · RSI 48.0,trending_up,london,sl_hit,1,29.4,-106.39,9819.65
64,XAUUSD,buy,2025-03-14T16:45:00+00:00,2025-03-14T19:30:00+00:00,2989.498,2982.27258,2982.27258,3001.54036,0.13,-93.93,-0.957,0.53,"Trend-follow (EMA21>EMA55, close>EMA21) · RSI 51.5",ranging,london,sl_hit,11,10.23,-97.41,9725.72
65,XAUUSD,sell,2025-03-14T19:45:00+00:00,2025-03-16T22:00:00+00:00,2983.775,2988.84099,2988.84099,2975.33169,0.19,-96.25,-0.99,0.55,"Trend-follow (EMA21<EMA55, close<EMA21) · RSI 43.5",ranging,london,sl_hit,5,40.85,-127.3,9629.47
66,XAUUSD,buy,2025-03-16T23:15:00+00:00,2025-03-17T00:00:00+00:00,2993.815,2988.65713,2988.65713,3002.41144,0.18,-92.84,-0.964,0.73,EMA(21)↑55 cross · RSI 61.4 · regime ranging,ranging,london,sl_hit,3,1.62,-106.02,9536.63
67,XAUUSD,buy,2025-03-17T00:15:00+00:00,2025-03-17T04:15:00+00:00,2989.085,2984.16405,2984.16405,2997.28658,0.19,-93.5,-0.98,0.53,"Trend-follow (EMA21>EMA55, close>EMA21) · RSI 51.9",ranging,london,sl_hit,16,72.39,-107.54,9443.13
68,XAUUSD,sell,2025-03-17T04:30:00+00:00,2025-03-17T06:15:00+00:00,2983.688,2987.52304,2987.52304,2977.29626,0.24,-92.04,-0.975,0.59,"Trend-follow (EMA21<EMA55, close<EMA21) · RSI 36.4",ranging,london,sl_hit,7,41.11,-154.97,9351.09
69,XAUUSD,sell,2025-03-17T07:30:00+00:00,2025-03-17T09:00:00+00:00,2986.325,2989.79926,2989.79926,2980.53456,0.26,-90.33,-0.966,0.54,"Trend-follow (EMA21<EMA55, close<EMA21) · RSI 46.9",ranging,london,sl_hit,6,88.14,-115.96,9260.76
70,XAUUSD,buy,2025-03-17T09:15:00+00:00,2025-03-17T10:45:00+00:00,2992.625,2998.93089,2988.84146,2998.93089,0.24,151.34,1.634,0.77,EMA(21)↑55 cross · RSI 65.4 · regime ranging,ranging,london,tp_hit,6,160.08,-24.0,9412.1
71,XAUUSD,buy,2025-03-17T11:00:00+00:00,2025-03-17T11:45:00+00:00,3000.245,2996.5197,2996.5197,3006.45384,0.25,-93.13,-0.989,0.67,"Trend-follow (EMA21>EMA55, close>EMA21) · RSI 75.0",trending_up,london,sl_hit,3,20.75,-99.0,9318.97
72,XAUUSD,buy,2025-03-17T12:15:00+00:00,2025-03-17T12:45:00+00:00,2992.578,2987.34463,2987.34463,3001.30028,0.17,-88.97,-0.955,0.62,Pullback to EMA21 in uptrend · RSI 49.6,trending_up,london,sl_hit,2,19.84,-136.73,9230.0
73,XAUUSD,buy,2025-03-17T14:15:00+00:00,2025-03-18T02:45:00+00:00,2997.715,3008.3541,2991.33154,3008.3541,0.14,148.95,1.614,0.57,"Trend-follow (EMA21>EMA55, close>EMA21) · RSI 60.4",ranging,london,tp_hit,46,198.38,-70.52,9378.95
74,XAUUSD,buy,2025-03-18T03:00:00+00:00,2025-03-18T05:15:00+00:00,3013.135,3008.91741,3008.91741,3020.16431,0.22,-92.79,-0.989,0.67,"Trend-follow (EMA21>EMA55, close>EMA21) · RSI 82.7",trending_up,london,sl_hit,9,84.48,-160.31,9286.16
75,XAUUSD,buy,2025-03-18T05:30:00+00:00,2025-03-18T08:15:00+00:00,3013.255,3021.4067,3008.36398,3021.4067,0.18,146.73,1.58,0.63,"Trend-follow (EMA21>EMA55, close>EMA21) · RSI 62.1",trending_up,london,tp_hit,11,216.79,-52.33,9432.89
76,XAUUSD,buy,2025-03-18T08:30:00+00:00,2025-03-18T09:30:00+00:00,3026.479,3021.08472,3021.08472,3035.46946,0.17,-91.7,-0.972,0.67,"Trend-follow (EMA21>EMA55, close>EMA21) · RSI 72.3",trending_up,london,sl_hit,4,31.89,-119.34,9341.19
77,XAUUSD,buy,2025-03-18T09:45:00+00:00,2025-03-18T11:30:00+00:00,3019.979,3028.8807,3014.63798,3028.8807,0.17,151.33,1.62,0.6,"Trend-follow (EMA21>EMA55, close>EMA21) · RSI 56.7",trending_up,london,tp_hit,7,158.78,-9.76,9492.52
78,XAUUSD,buy,2025-03-18T11:45:00+00:00,2025-03-18T13:00:00+00:00,3026.649,3035.73554,3021.19708,3035.73554,0.17,154.47,1.627,0.63,"Trend-follow (EMA21>EMA55, close>EMA21) · RSI 63.0",trending_up,london,tp_hit,5,167.04,-1.43,9646.99
79,XAUUSD,buy,2025-03-18T13:15:00+00:00,2025-03-18T13:30:00+00:00,3035.318,3029.52692,3029.52692,3044.9698,0.16,-92.66,-0.96,0.67,"Trend-follow (EMA21>EMA55, close>EMA21) · RSI 71.5",trending_up,london,sl_hit,1,43.84,-149.49,9554.33
80,XAUUSD,buy,2025-03-18T13:45:00+00:00,2025-03-18T14:00:00+00:00,3033.085,3025.80525,3025.80525,3045.21792,0.13,-94.64,-0.991,0.63,"Trend-follow (EMA21>EMA55, close>EMA21) · RSI 61.5",trending_up,london,sl_hit,1,0.0,-105.52,9459.7
81,XAUUSD,buy,2025-03-18T14:15:00+00:00,2025-03-19T05:30:00+00:00,3028.948,3041.68584,3021.3053,3041.68584,0.12,152.85,1.616,0.62,Pullback to EMA21 in uptrend · RSI 54.2,trending_up,london,tp_hit,57,165.44,-48.28,9612.55
82,XAUUSD,buy,2025-03-19T05:45:00+00:00,2025-03-19T06:00:00+00:00,3044.305,3040.27067,3040.27067,3051.02889,0.23,-92.79,-0.965,0.67,"Trend-follow (EMA21>EMA55, close>EMA21) · RSI 72.6",trending_up,london,sl_hit,1,5.75,-175.88,9519.76
83,XAUUSD,buy,2025-03-19T06:15:00+00:00,2025-03-19T08:00:00+00:00,3036.448,3031.49943,3031.49943,3044.69562,0.19,-94.02,-0.988,0.58,"Trend-follow (EMA21>EMA55, close>EMA21) · RSI 51.9",trending_up,london,sl_hit,7,141.3,-96.52,9425.74
84,XAUUSD,sell,2025-03-19T10:00:00+00:00,2025-03-19T10:15:00+00:00,3029.148,3034.5207,3034.5207,3020.1935,0.17,-91.34,-0.969,0.7,EMA(21)↓55 cross · RSI 42.5 · regime ranging,ranging,london,sl_hit,1,0.34,-119.0,9334.4
85,XAUUSD,buy,2025-03-19T10:30:00+00:00,2025-03-19T13:30:00+00:00,3037.228,3031.51664,3031.51664,3046.74693,0.16,-91.38,-0.979,0.69,EMA(21)↑55 cross · RSI 56.6 · regime ranging,ranging,london,sl_hit,12,58.72,-157.44,9243.02
86,XAUUSD,sell,2025-03-19T14:30:00+00:00,2025-03-19T16:15:00+00:00,3029.658,3035.86321,3035.86321,3019.31598,0.14,-86.87,-0.94,0.69,EMA(21)↓55 cross · RSI 43.3 · regime ranging,ranging,london,sl_hit,7,44.52,-119.52,9156.15
87,XAUUSD,sell,2025-03-19T17:00:00+00:00,2025-03-19T18:00:00+00:00,3032.435,3038.22647,3038.22647,3022.78256,0.15,-86.87,-0.949,0.53,"Trend-follow (EMA21<EMA55, close<EMA21) · RSI 48.8",ranging,london,sl_hit,4,58.45,-106.95,9069.27
88,XAUUSD,buy,2025-03-19T18:15:00+00:00,2025-03-19T18:30:00+00:00,3037.425,3047.84944,3031.17034,3047.84944,0.14,145.94,1.609,0.69,EMA(21)↑55 cross · RSI 56.7 · regime ranging,ranging,london,tp_hit,1,154.84,-0.56,9215.22
89,XAUUSD,buy,2025-03-19T18:45:00+00:00,2025-03-20T08:15:00+00:00,3046.625,3039.47083,3039.47083,3058.54862,0.12,-85.85,-0.932,0.6,"Trend-follow (EMA21>EMA55, close>EMA21) · RSI 65.8",ranging,london,sl_hit,50,127.44,-97.8,9129.37
90,XAUUSD,sell,2025-03-20T09:00:00+00:00,2025-03-20T10:00:00+00:00,3042.955,3034.30164,3048.14702,3034.30164,0.17,147.11,1.611,0.7,EMA(21)↓55 cross · RSI 42.3 · regime ranging,ranging,london,tp_hit,4,151.42,-52.87,9276.47
91,XAUUSD,sell,2025-03-20T10:15:00+00:00,2025-03-20T12:00:00+00:00,3029.848,3035.44343,3035.44343,3020.52228,0.16,-89.53,-0.965,0.67,"Trend-follow (EMA21<EMA55, close<EMA21) · RSI 24.8",trending_down,london,sl_hit,7,70.72,-101.87,9186.95
92,XAUUSD,sell,2025-03-20T12:15:00+00:00,2025-03-20T16:15:00+00:00,3036.525,3042.46519,3042.46519,3026.62468,0.15,-89.1,-0.97,0.59,"Trend-follow (EMA21<EMA55, close<EMA21) · RSI 45.6",trending_down,london,sl_hit,16,100.16,-99.0,9097.84
93,XAUUSD,sell,2025-03-20T17:00:00+00:00,2025-03-20T18:00:00+00:00,3036.975,3043.50019,3043.50019,3026.09968,0.13,-84.83,-0.932,0.62,Pullback to EMA21 in downtrend · RSI 48.4,trending_down,london,sl_hit,4,31.55,-104.26,9013.02
94,XAUUSD,buy,2025-03-20T19:00:00+00:00,2025-03-21T01:45:00+00:00,3043.865,3038.09597,3038.09597,3053.48005,0.15,-86.54,-0.96,0.69,EMA(21)↑55 cross · RSI 57.5 · regime ranging,ranging,london,sl_hit,23,51.0,-122.85,8926.48
95,XAUUSD,sell,2025-03-21T02:00:00+00:00,2025-03-21T04:00:00+00:00,3035.275,3029.12423,3038.96546,3029.12423,0.24,147.62,1.654,0.82,EMA(21)↓55 cross · RSI 29.4 · regime ranging,ranging,london,tp_hit,8,150.96,-7.44,9074.1
96,XAUUSD,sell,2025-03-21T04:15:00+00:00,2025-03-21T05:30:00+00:00,3030.298,3024.49247,3033.78132,3024.49247,0.26,150.94,1.663,0.67,"Trend-follow (EMA21<EMA55, close<EMA21) · RSI 25.1",trending_down,london,tp_hit,5,233.82,-36.84,9225.04
97,XAUUSD,sell,2025-03-21T05:45:00+00:00,2025-03-21T06:00:00+00:00,3027.865,3032.13699,3032.13699,3020.74502,0.21,-89.71,-0.972,0.66,"Trend-follow (EMA21<EMA55, close<EMA21) · RSI 32.9",trending_down,london,sl_hit,1,12.39,-97.02,9135.33
98,XAUUSD,sell,2025-03-21T06:15:00+00:00,2025-03-21T11:45:00+00:00,3031.165,3035.52113,3035.52113,3023.90479,0.2,-87.12,-0.954,0.6,"Trend-follow (EMA21<EMA55, close<EMA21) · RSI 44.0",trending_down,london,sl_hit,22,85.2,-125.46,9048.21
99,XAUUSD,sell,2025-03-21T13:15:00+00:00,2025-03-21T13:30:00+00:00,3029.665,3020.67039,3035.06177,3020.67039,0.16,143.91,1.591,0.56,"Trend-follow (EMA21<EMA55, close<EMA21) · RSI 43.0",ranging,london,tp_hit,1,258.4,-2.4,9192.12
100,XAUUSD,sell,2025-03-21T13:45:00+00:00,2025-03-21T14:45:00+00:00,3006.348,3013.93477,3013.93477,2993.70339,0.12,-91.04,-0.99,0.67,"Trend-follow (EMA21<EMA55, close<EMA21) · RSI 20.2",trending_down,london,sl_hit,4,84.96,-124.8,9101.08
101,XAUUSD,sell,2025-03-21T15:00:00+00:00,2025-03-21T20:15:00+00:00,3013.735,3022.13,3022.13,2999.74334,0.1,-83.95,-0.922,0.63,"Trend-follow (EMA21<EMA55, close<EMA21) · RSI 37.6",trending_down,london,sl_hit,21,39.4,-93.3,9017.13
102,XAUUSD,sell,2025-03-24T00:30:00+00:00,2025-03-24T01:30:00+00:00,3021.195,3025.08242,3025.08242,3014.71597,0.23,-89.41,-0.992,0.53,"Trend-follow (EMA21<EMA55, close<EMA21) · RSI 47.3",ranging,london,sl_hit,4,98.9,-98.9,8927.72
103,XAUUSD,sell,2025-03-24T01:45:00+00:00,2025-03-24T06:45:00+00:00,3020.685,3025.33697,3025.33697,3012.93172,0.19,-88.39,-0.99,0.53,"Trend-follow (EMA21<EMA55, close<EMA21) · RSI 47.5",ranging,london,sl_hit,20,136.99,-92.34,8839.33
104,XAUUSD,buy,2025-03-24T07:30:00+00:00,2025-03-24T09:00:00+00:00,3022.475,3030.04929,3017.93043,3030.04929,0.19,143.91,1.628,0.64,EMA(21)↑55 cross · RSI 52.3 · regime ranging,ranging,london,tp_hit,6,160.74,-32.3,8983.24
105,XAUUSD,buy,2025-03-24T09:15:00+00:00,2025-03-24T09:30:00+00:00,3029.008,3024.49276,3024.49276,3036.5334,0.19,-85.79,-0.955,0.63,"Trend-follow (EMA21>EMA55, close>EMA21) · RSI 62.5",trending_up,london,sl_hit,1,10.2,-101.33,8897.46
106,XAUUSD,buy,2025-03-24T10:00:00+00:00,2025-03-24T12:45:00+00:00,3027.625,3022.75016,3022.75016,3035.74974,0.18,-87.75,-0.986,0.61,"Trend-follow (EMA21>EMA55, close>EMA21) · RSI 57.1",trending_up,london,sl_hit,11,99.18,-97.2,8809.71
107,XAUUSD,buy,2025-03-24T13:00:00+00:00,2025-03-24T13:30:00+00:00,3027.275,3022.59183,3022.59183,3035.08029,0.18,-84.3,-0.957,0.62,Pullback to EMA21 in uptrend · RSI 53.8,trending_up,london,sl_hit,2,14.04,-117.18,8725.41
108,XAUUSD,sell,2025-03-24T14:30:00+00:00,2025-03-25T05:00:00+00:00,3010.395,3016.80696,3016.80696,2999.7084,0.13,-83.36,-0.955,0.82,EMA(21)↓55 cross · RSI 29.4 · regime ranging,ranging,london,sl_hit,54,107.25,-109.85,8642.06
109,XAUUSD,buy,2025-03-25T05:15:00+00:00,2025-03-25T06:00:00+00:00,3019.935,3016.20457,3016.20457,3026.15238,0.23,-85.8,-0.993,0.61,"Trend-follow (EMA21>EMA55, close>EMA21) · RSI 69.0",ranging,london,sl_hit,3,0.92,-107.41,8556.26
110,XAUUSD,buy,2025-03-25T06:15:00+00:00,2025-03-25T07:30:00+00:00,3016.445,3012.71726,3012.71726,3022.6579,0.22,-82.01,-0.958,0.55,"Trend-follow (EMA21>EMA55, close>EMA21) · RSI 56.2",ranging,london,sl_hit,5,40.92,-88.44,8474.25
111,XAUUSD,buy,2025-03-25T08:30:00+00:00,2025-03-25T12:15:00+00:00,3019.895,3015.32486,3015.32486,3027.5119,0.18,-82.26,-0.971,0.58,"Trend-follow (EMA21>EMA55, close>EMA21) · RSI 61.1",ranging,london,sl_hit,15,115.38,-107.23,8391.98
112,XAUUSD,buy,2025-03-25T12:30:00+00:00,2025-03-25T13:30:00+00:00,3018.488,3026.36634,3013.76099,3026.36634,0.17,133.93,1.596,0.62,Pullback to EMA21 in uptrend · RSI 48.1,trending_up,london,tp_hit,4,203.78,-4.76,8525.91
113,XAUUSD,buy,2025-03-25T13:45:00+00:00,2025-03-25T15:00:00+00:00,3028.005,3022.48837,3022.48837,3037.19938,0.15,-82.75,-0.971,0.64,"Trend-follow (EMA21>EMA55, close>EMA21) · RSI 65.0",trending_up,london,sl_hit,5,118.5,-107.8,8443.16
114,XAUUSD,buy,2025-03-25T15:30:00+00:00,2025-03-26T04:00:00+00:00,3022.975,3016.03187,3016.03187,3034.54688,0.12,-83.32,-0.987,0.62,Pullback to EMA21 in uptrend · RSI 50.0,trending_up,london,sl_hit,46,47.76,-86.6,8359.85
115,XAUUSD,sell,2025-03-26T04:15:00+00:00,2025-03-26T05:30:00+00:00,3015.405,3018.91601,3018.91601,3009.55331,0.23,-80.75,-0.966,0.6,"Trend-follow (EMA21<EMA55, close<EMA21) · RSI 34.8",ranging,london,sl_hit,5,54.21,-87.86,8279.09
116,XAUUSD,buy,2025-03-26T06:30:00+00:00,2025-03-26T08:00:00+00:00,3024.745,3030.99414,3020.99551,3030.99414,0.22,137.48,1.661,0.76,EMA(21)↑55 cross · RSI 63.7 · regime ranging,ranging,london,tp_hit,6,158.4,-3.74,8416.58
117,XAUUSD,buy,2025-03-26T08:15:00+00:00,2025-03-26T08:45:00+00:00,3027.455,3023.73451,3023.73451,3033.65582,0.22,-81.85,-0.972,0.63,"Trend-follow (EMA21>EMA55, close>EMA21) · RSI 62.4",trending_up,london,sl_hit,2,8.65,-88.44,8334.72
118,XAUUSD,buy,2025-03-26T11:00:00+00:00,2025-03-26T13:15:00+00:00,3026.075,3021.78071,3021.78071,3033.23216,0.19,-81.59,-0.979,0.57,"Trend-follow (EMA21>EMA55, close>EMA21) · RSI 59.1",ranging,london,sl_hit,9,79.99,-90.44,8253.13
119,XAUUSD,sell,2025-03-26T14:30:00+00:00,2025-03-27T00:00:00+00:00,3019.245,3024.8381,3024.8381,3009.92317,0.14,-78.3,-0.949,0.69,EMA(21)↓55 cross · RSI 43.5 · regime ranging,ranging,london,sl_hit,34,99.68,-79.94,8174.83
120,XAUUSD,buy,2025-03-27T00:30:00+00:00,2025-03-27T02:30:00+00:00,3022.948,3028.89865,3019.37761,3028.89865,0.22,130.91,1.601,0.74,EMA(21)↑55 cross · RSI 61.9 · regime ranging,ranging,london,tp_hit,8,214.21,-5.5,8305.74
121,XAUUSD,buy,2025-03-27T02:45:00+00:00,2025-03-27T04:30:00+00:00,3031.445,3038.28518,3027.34089,3038.28518,0.2,136.8,1.647,0.67,"Trend-follow (EMA21>EMA55, close>EMA21) · RSI 73.1",trending_up,london,tp_hit,7,141.0,-40.2,8442.55
122,XAUUSD,buy,2025-03-27T04:45:00+00:00,2025-03-27T05:45:00+00:00,3033.915,3029.70352,3029.70352,3040.93413,0.2,-84.23,-0.998,0.66,"Trend-follow (EMA21>EMA55, close>EMA21) · RSI 67.3",trending_up,london,sl_hit,4,36.0,-96.34,8358.32
123,XAUUSD,buy,2025-03-27T06:00:00+00:00,2025-03-27T09:00:00+00:00,3030.005,3037.98287,3025.21828,3037.98287,0.17,135.62,1.623,0.62,Pullback to EMA21 in uptrend · RSI 52.5,trending_up,london,tp_hit,12,140.25,-58.99,8493.94
124,XAUUSD,buy,2025-03-27T09:15:00+00:00,2025-03-27T10:00:00+00:00,3035.665,3043.59692,3030.90585,3043.59692,0.17,134.84,1.588,0.62,"Trend-follow (EMA21>EMA55, close>EMA21) · RSI 59.7",trending_up,london,tp_hit,3,184.62,-20.52,8628.78
125,XAUUSD,buy,2025-03-27T10:15:00+00:00,2025-03-27T13:00:00+00:00,3051.975,3046.19915,3046.19915,3061.60142,0.14,-80.86,-0.937,0.67,"Trend-follow (EMA21>EMA55, close>EMA21) · RSI 80.0",trending_up,london,sl_hit,11,53.62,-100.9,8547.92
126,XAUUSD,buy,2025-03-27T14:15:00+00:00,2025-03-28T01:00:00+00:00,3050.545,3063.53357,3042.75186,3063.53357,0.1,129.89,1.52,0.62,"Trend-follow (EMA21>EMA55, close>EMA21) · RSI 59.2",trending_up,london,tp_hit,39,154.93,-30.9,8677.81
127,XAUUSD,buy,2025-03-28T01:15:00+00:00,2025-03-28T01:45:00+00:00,3065.565,3072.46103,3061.42738,3072.46103,0.2,137.92,1.589,0.67,"Trend-follow (EMA21>EMA55, close>EMA21) · RSI 74.0",trending_up,london,tp_hit,2,165.0,-1.0,8815.73
128,XAUUSD,buy,2025-03-28T02:00:00+00:00,2025-03-28T05:45:00+00:00,3073.625,3081.5176,3068.88944,3081.5176,0.18,142.07,1.612,0.67,"Trend-follow (EMA21>EMA55, close>EMA21) · RSI 82.3",trending_up,london,tp_hit,15,147.24,-75.19,8957.8
129,XAUUSD,buy,2025-03-28T06:00:00+00:00,2025-03-28T08:00:00+00:00,3080.255,3075.18611,3075.18611,3088.70315,0.17,-86.17,-0.962,0.67,"Trend-follow (EMA21>EMA55, close>EMA21) · RSI 73.1",trending_up,london,sl_hit,8,95.03,-113.17,8871.62
130,XAUUSD,buy,2025-03-28T09:15:00+00:00,2025-03-28T10:15:00+00:00,3073.655,3067.56552,3067.56552,3083.80413,0.14,-85.25,-0.961,0.62,Pullback to EMA21 in uptrend · RSI 49.6,trending_up,london,sl_hit,4,32.62,-91.0,8786.37
131,XAUUSD,buy,2025-03-28T10:30:00+00:00,2025-03-28T13:45:00+00:00,3073.505,3083.78798,3067.33521,3083.78798,0.14,143.96,1.638,0.62,Pullback to EMA21 in uptrend · RSI 50.0,trending_up,london,tp_hit,13,147.0,-40.74,8930.33
132,XAUUSD,buy,2025-03-28T14:00:00+00:00,2025-03-28T14:30:00+00:00,3080.248,3072.44976,3072.44976,3093.24507,0.11,-85.78,-0.961,0.6,"Trend-follow (EMA21>EMA55, close>EMA21) · RSI 56.5",trending_up,london,sl_hit,2,41.8,-136.21,8844.55
133,XAUUSD,buy,2025-03-28T15:00:00+00:00,2025-03-30T22:00:00+00:00,3074.695,3089.58206,3065.76277,3089.58206,0.09,133.98,1.515,0.62,Pullback to EMA21 in uptrend · RSI 49.0,trending_up,london,tp_hit,24,207.18,-11.97,8978.54
134,XAUUSD,buy,2025-03-30T22:15:00+00:00,2025-03-31T00:15:00+00:00,3088.998,3082.71168,3082.71168,3099.47519,0.14,-88.01,-0.98,0.64,"Trend-follow (EMA21>EMA55, close>EMA21) · RSI 64.6",trending_up,london,sl_hit,8,23.8,-92.16,8890.53
135,XAUUSD,buy,2025-03-31T01:30:00+00:00,2025-03-31T02:15:00+00:00,3091.785,3103.48639,3084.76417,3103.48639,0.12,140.42,1.579,0.63,"Trend-follow (EMA21>EMA55, close>EMA21) · RSI 62.0",trending_up,london,tp_hit,3,178.2,-22.08,9030.94
136,XAUUSD,buy,2025-03-31T02:30:00+00:00,2025-03-31T05:45:00+00:00,3103.748,3117.42093,3095.54424,3117.42093,0.11,150.4,1.665,0.67,"Trend-follow (EMA21>EMA55, close>EMA21) · RSI 73.8",trending_up,london,tp_hit,13,175.53,-50.74,9181.35
137,XAUUSD,buy,2025-03-31T06:00:00+00:00,2025-03-31T06:30:00+00:00,3124.495,3115.96181,3115.96181,3138.71699,0.1,-85.33,-0.929,0.67,"Trend-follow (EMA21>EMA55, close>EMA21) · RSI 81.1",trending_up,london,sl_hit,2,3.03,-96.47,9096.01
138,XAUUSD,buy,2025-03-31T06:45:00+00:00,2025-03-31T13:30:00+00:00,3119.005,3110.21678,3110.21678,3133.65203,0.1,-87.88,-0.966,0.65,"Trend-follow (EMA21>EMA55, close>EMA21) · RSI 66.3",trending_up,london,sl_hit,27,79.8,-155.5,9008.13
139,XAUUSD,buy,2025-03-31T14:00:00+00:00,2025-04-01T00:00:00+00:00,3114.915,3122.735,3105.14655,3131.19575,0.09,70.38,0.781,0.62,Pullback to EMA21 in uptrend · RSI 47.9,trending_up,london,timeout,36,109.53,-37.8,9078.51
